{"cameraMode":{"drawMode":0,"name":"Shaded","section":"Shading Mode"},"sceneLighting":true,"audioPlay":false,"sceneViewState":{"m_AlwaysRefresh":false,"showFog":true,"showSkybox":true,"showFlares":true,"showImageEffects":true,"showParticleSystems":true,"showVisualEffectGraphs":true,"m_FxEnabled":true},"in2DMode":false,"pivot":{"x":320.8468933105469,"y":243.9293975830078,"z":-16.601198196411134},"rotation":{"x":-0.0026686217170208694,"y":-0.12715893983840943,"z":-0.00034182926174253225,"w":0.9918811321258545},"size":322.9457702636719,"orthographic":true}