{"cameraMode":{"drawMode":0,"name":"Shaded","section":"Shading Mode"},"sceneLighting":true,"audioPlay":false,"sceneViewState":{"m_AlwaysRefresh":false,"showFog":true,"showSkybox":true,"showFlares":true,"showImageEffects":true,"showParticleSystems":true,"showVisualEffectGraphs":true,"m_FxEnabled":true},"in2DMode":false,"pivot":{"x":320.8468933105469,"y":243.9293975830078,"z":-16.601198196411134},"rotation":{"x":0.013803576119244099,"y":0.028489185497164727,"z":-0.00039315788308158517,"w":0.9995012879371643},"size":322.9457702636719,"orthographic":true}