{"cameraMode":{"drawMode":0,"name":"Shaded","section":"Shading Mode"},"sceneLighting":true,"audioPlay":false,"sceneViewState":{"m_AlwaysRefresh":false,"showFog":true,"showSkybox":true,"showFlares":true,"showImageEffects":true,"showParticleSystems":true,"showVisualEffectGraphs":true,"m_FxEnabled":true},"in2DMode":false,"pivot":{"x":478.6465148925781,"y":283.3019714355469,"z":-77.26948547363281},"rotation":{"x":0.013803576119244099,"y":0.028489185497164727,"z":-0.00039315788308158517,"w":0.9995012879371643},"size":266.7426452636719,"orthographic":true}