{"cameraMode":{"drawMode":0,"name":"Shaded","section":"Shading Mode"},"sceneLighting":true,"audioPlay":false,"sceneViewState":{"m_AlwaysRefresh":false,"showFog":true,"showSkybox":true,"showFlares":true,"showImageEffects":true,"showParticleSystems":true,"showVisualEffectGraphs":true,"m_FxEnabled":true},"in2DMode":false,"pivot":{"x":422.5214538574219,"y":180.52638244628907,"z":-10.180042266845704},"rotation":{"x":-0.0026686217170208694,"y":-0.12715893983840943,"z":-0.00034182926174253225,"w":0.9918811321258545},"size":252.04295349121095,"orthographic":true}